,sender,message
9544,ohad,Just missing some transition
9545,ohad,Sucking
9546,ohad,image omitted
9547,ohad,A successful picture
9548,ohad,video omitted
9549,ohad,Which club in Israel replaced the playlist
9550,ohad,For years the same songs have been performed
9551,ohad,image omitted
9552,ohad,The main thing is the cups
9553,ohad,You will not go to sleep
9554,ohad,What do you have to do with my life?
9555,ohad,From
9556,ohad,So go to bed
9557,ohad,We'll talk first
9558,ohad,I'll put you in the perfume
9559,ohad,closed
9560,ohad,Buena Maria Dumark is a million followers
9561,ohad,Original now
9562,ohad,I could not believe it
9563,ohad,All because of leisure plus
9564,ohad,A whore
9565,ohad,Followers and only costs
9566,ohad,image omitted
9567,ohad,Working hard
9568,ohad,Bring some towels
9569,ohad,I forgot to return
9570,ohad,Where you
9571,ohad,Beautiful
9572,ohad,image omitted
9573,ohad,I missed
9574,ohad,mere
9575,ohad,I'm done with
9576,ohad,It was more wonderful
9577,ohad,And another hour brought an extra
9578,ohad,Come on
9579,ohad,Application
9580,ohad,#NAME?
9581,ohad,
9582,ohad,I thought we'd be scattered tomorrow
9583,ohad,Meanwhile it is
9584,ohad,I do not know what will happen
9585,ohad,image omitted
9586,ohad,no way
9587,ohad,We will go to sleep after social activity
9588,ohad,We'll get up for a meeting
9589,ohad,And we disappear
9590,ohad,I love you
9591,ohad,Competitors
9592,ohad,They have Google Analytics
9593,ohad,Yes on the cock
9594,ohad,For me to sell them all the secrets of Simba
9595,ohad,Do not know
9596,ohad,The moment came to a halt
9597,ohad,Y.
9598,ohad,No
9599,ohad,Great
9600,ohad,Laughter
9601,ohad,Password FAQ Calendar Mark Forums Read
9602,ohad,Pay some Indian
9603,ohad,Well then you can not change old
9604,ohad,Then go upstairs
9605,ohad,On the old computer
9606,ohad,Nu and it will not go smoothly
9607,ohad,Without changing the whole Hebrew now
9608,ohad,"If you are now in the old computer, replace the utf so that all the Hebrew in the code is scrambled"
9609,ohad,But I do not understand why the Hebrew in the code will be scrambled if you write about it in Hebrew
9610,ohad,Now write in Hebrew
9611,ohad,You changed utf
9612,ohad,He swarmed
9613,ohad,You write again a hacker
9614,ohad,A
9615,ohad,I understood
9616,ohad,So as soon as you type the number is saved from the encoding you selected
9617,ohad,Good
9618,ohad,Good night
9619,ohad,Pay Per Question Mark
9620,ohad,Maybe I'll consider
9621,ohad,Talk to me in cents
9622,ohad,You stung me now
9623,ohad,Bring minutes to work
9624,ohad,https
9625,ohad,Bash file lover
9626,ohad,And also look if intellj does it
9627,ohad,"If so, then at all"
9628,ohad,They say that in new versions he asks whether to make a convert
9629,ohad,Where have you been upset?
9630,ohad,You broke
9631,ohad,Time
9632,ohad,have seen
9633,ohad,Sleep well
9634,ohad,There are other places of Hebrew
9635,ohad,https
9636,ohad,image omitted
9637,ohad,how
9638,ohad,Asus is in a fiancee now
9639,ohad,Until
9640,ohad,You're not normal
9641,ohad,Registered eu
9642,ohad,What are you ordering?
9643,ohad,image omitted
9644,ohad,Woooowwwww
9645,ohad,Instead then
9646,ohad,The blasts came
9647,ohad,No
9648,ohad,They're already late
9649,ohad,All is well
9650,ohad,image omitted
9651,ohad,on the way to you
9652,ohad,I love you
9653,ohad,I'm on my way
9654,ohad,What is the problem
9655,ohad,You 're a good guy
9656,ohad,God
9657,ohad,Helping others
9658,ohad,What did you prepare?
9659,ohad,There are proteins
9660,ohad,
9661,ohad,
9662,ohad,No nerves
9663,ohad,All of it
9664,ohad,Repeat the excuse
9665,ohad,You will not feel the cold
9666,ohad,https
9667,ohad,Cut and save
9668,ohad,The most man in the country
9669,ohad,Now Pulau is knocking him
9670,ohad,From Shlomit
9671,ohad,Fun
9672,ohad,First of all he would confess
9673,ohad,not going to happen
9674,ohad,Sunday another week with Lippa
9675,ohad,Blurred
9676,ohad,It is only missing to be a man and an illusion
9677,ohad,His double
9678,ohad,Listen I barely type
9679,ohad,I'm dead here
9680,ohad,Pick me up for two more hours
9681,ohad,I love you
9682,ohad,with stones
9683,ohad,"Well, come on"
9684,ohad,Beautiful
9685,ohad,What 's up with you tomorrow?
9686,ohad,good decision
9687,ohad,Come on
9688,ohad,I made pickles on Wednesday
9689,ohad,we are home
9690,ohad,mere
9691,ohad,At home
9692,ohad,You will not come a yakka
9693,ohad,Do not know
9694,ohad,I got up at
9695,ohad,I showered only now lol
9696,ohad,So we'll wait for the parents
9697,ohad,Or I'll run away before the kapa
9698,ohad,What do you say?
9699,ohad,It seems to me too
9700,ohad,
9701,ohad,That's what it is
9702,ohad,
9703,ohad,There is a shakshuka
9704,ohad,Elite already
9705,ohad,I 'm telling you I' m going up
9706,ohad,
9707,ohad,I did not know
9708,ohad,It came as a surprise to me at dinner
9709,ohad,"About me, Takeaway"
9710,ohad,I tell you I've already spread a challah
9711,ohad,I'm already dressed
9712,ohad,Ahhh Watsp collapsed
9713,ohad,"Okay, get that message tomorrow anyway"
9714,ohad,Going
9715,ohad,Do not believe
9716,ohad,Come on
9717,ohad,Go look at Koren
9718,ohad,Suddenly things moved
9719,ohad,Not the same mistake as his
9720,ohad,
9721,ohad,Come on
9722,ohad,Welcome
9723,ohad,All that shit is for the test
9724,ohad,No
9725,ohad,We were sorry enough
9726,ohad,In an hour
9727,ohad,Turn
9728,ohad,Beautiful
9729,ohad,Hahaha
9730,ohad,All are original
9731,ohad,
9732,ohad,"Niv, too"
9733,ohad,For Haggai
9734,ohad,"Yes, ask what you have to look for"
9735,ohad,There are no prostitutes and no drugs
9736,ohad,OK
9737,ohad,Come to Sofia
9738,ohad,That's why you yelled like ahbletz
9739,ohad,
9740,ohad,https
9741,ohad,image omitted
9742,ohad,image omitted
9743,ohad,Shouf on the rating
9744,ohad,When did you leave?
9745,ohad,That was his trademark
9746,ohad,He knocks rankings in waves
9747,ohad,I repeat it seems to me
9748,ohad,Make preparations before the tests
9749,ohad,In adoption
9750,ohad,A
9751,ohad,More beautiful
9752,ohad,Total dollar
9753,ohad,What a pity
9754,ohad,But we ran for hours with big computers
9755,ohad,We were smart with this passage
9756,ohad,He handed this shit
9757,ohad,
9758,ohad,I heard you
9759,ohad,I got up an hour later
9760,ohad,I had to go tell
9761,ohad,Your feet
9762,ohad,as usual
9763,ohad,Fuck me how you got that hair
9764,ohad,Walla no
9765,ohad,Hair grows well in the ass
9766,ohad,Shit
9767,ohad,Feel you
9768,ohad,I was just home now
9769,ohad,From the book lol
9770,ohad,Yes
9771,ohad,Yes
9772,ohad,Target
9773,ohad,We just walked
9774,ohad,Every time someone else kidnapped me
9775,ohad,"Oh, I was five minutes"
9776,ohad,Just to take the car
9777,ohad,and
9778,ohad,Yes Leonardo
9779,ohad,Like you
9780,ohad,
9781,ohad,All week we slept
9782,ohad,You'll find a new series
9783,ohad,Lol and only that
9784,ohad,Must beat those two weeks
9785,ohad,We are not in focus in any course
9786,ohad,And to get rid of tact from the lessons
9787,ohad,Sailing Tuesday went to the trash
9788,ohad,How Nurofen Quick
9789,ohad,
9790,ohad,It's scary
9791,ohad,And we need to do another project on the project
9792,ohad,Slave a son of a bitch
9793,ohad,Yes
9794,ohad,Time flies when you return four
9795,ohad,In the last semester you will also feel like a year
9796,ohad,A
9797,ohad,What now is the army?
9798,ohad,Walla does not shave in life
9799,ohad,Maybe I'll have another complication in the shower
9800,ohad,I'll shave my life
9801,ohad,Lol never alive
9802,ohad,Where Nachman's skullcap does not shave
9803,ohad,They will also disappear after six months and say they have beaten you in Bnei Brak
9804,ohad,And now you're getting married
9805,ohad,image omitted
9806,ohad,How else?
9807,ohad,Send me a receipt
9808,ohad,Amazon will feed in the ass
9809,ohad,Lol look if any of them at all
9810,ohad,And not that of the university
9811,ohad,Yes
9812,ohad,Jr
9813,ohad,No
9814,ohad,In the permanent place
9815,ohad,Bye
9816,ohad,Are going to be implemented
9817,ohad,I'm hot today
9818,ohad,Apartment
9819,ohad,Probably
9820,ohad,I do not want to reach last week's situation
9821,ohad,Of getting in at night
9822,ohad,What a lol
9823,ohad,I got on
9824,ohad,Grab a good place
9825,ohad,Sit on the grandmother
9826,ohad,Where you
9827,ohad,Koren came before you
9828,ohad,androidchallengecom
9829,ohad,Come on
9830,ohad,The tests went
9831,ohad,Want delivery of the lh
9832,ohad,G
9833,ohad,
9834,ohad,Yes and no
9835,ohad,Yes
9836,ohad,Do not come in
9837,ohad,what were you thinking
9838,ohad,I love you
9839,ohad,Take you down to a teachers' center
9840,ohad,
9841,ohad,At the station near the prostitutes' square
9842,ohad,You're busy
9843,ohad,Lol I thought we were resting in the Zimmer
9844,ohad,You are already out
9845,ohad,agile
9846,ohad,me too
9847,ohad,image omitted
9848,ohad,All day I played kakka
9849,ohad,Until I come to study
9850,ohad,Thursday we played poker
9851,ohad,Friday I worked at the hotel
9852,ohad,At home
9853,ohad,image omitted
9854,ohad,I fell asleep on
9855,ohad,#NAME?
9856,ohad,You've gotten up like that or since you came home
9857,ohad,You've had some stomach exams
9858,ohad,It happens twice a year
9859,ohad,The coffee has dried you up
9860,ohad,Wow lol
9861,ohad,Lucky it's only half an hour
9862,ohad,image omitted
9863,ohad,Who needs Apple now
9864,ohad,image omitted
9865,ohad,What sort of psychopathic person should be in order to miss the toilet like this
9866,ohad,Okay at least we topped the beauty of the presentation to those who are now presenting
9867,ohad,Hey
9868,ohad,audio omitted
9869,ohad,audio omitted
9870,ohad,
9871,ohad,
9872,ohad,
9873,ohad,image omitted
9874,ohad,image omitted
9875,ohad,It's not about Itzik
9876,ohad,You left
9877,ohad,What agility
9878,ohad,moving
9879,ohad,image omitted
9880,ohad,Awake
9881,ohad,You sent him an email as well
9882,ohad,For quality
9883,ohad,I'll ask the group a second
9884,ohad,He pushed a number of appeals there
9885,ohad,Yoni says to send
9886,ohad,But it seems to me that the fucker will not look at the other questions
9887,ohad,Yeela and Beye
9888,ohad,Smack
9889,ohad,"Listen, you know what I found out"
9890,ohad,There's a situation where my project this son of a bitch has to do in the cloud
9891,ohad,Think that one file that I have downloaded is a small part of a human genome
9892,ohad,Sarabeck
9893,ohad,Fuckin Sailing
9894,ohad,
9895,ohad,Clouds in the semester
9896,ohad,I became an architect
9897,ohad,What about Amsterdam?
9898,ohad,Or we will attack Paphos
9899,ohad,"Come on, get warm"
9900,ohad,Flight taken
9901,ohad,NIS
9902,ohad,Hotel Necampen
9903,ohad,Pfos is worth a shekel
9904,ohad,Tell me that after the projects Paphos is closed
9905,ohad,Check
9906,ohad,"Come on, I arranged for my first Friday two work"
9907,ohad,Start to pick it up
9908,ohad,D
9909,ohad,Monday morning
9910,ohad,Pulse in Leonardo
9911,ohad,sailing
9912,ohad,Lol Do not go crazy tomorrow morning Hamochin
9913,ohad,From
9914,ohad,Shortcut seems to me I do not see loose friends
9915,ohad,Now I'm tired
9916,ohad,You'll have to get up early next week
9917,ohad,Make an hour now
9918,ohad,Watch
9919,ohad,see you
9920,ohad,Do with this John
9921,ohad,"Come on now, seriousness"
9922,ohad,What is first distributed or applications
9923,ohad,This message was deleted
9924,ohad,And straight to Paphos
9925,ohad,You gave Kau well
9926,ohad,to read
9927,ohad,Fact
9928,ohad,Then it is possible to go further
9929,ohad,Berlin weighed
9930,ohad,Welcome
9931,ohad,When to go back to school
9932,ohad,Get a deal
9933,ohad,"Even so, the first Sunday is not taught"
9934,ohad,I'll sew you up Thursday to Sunday
9935,ohad,Two numbers and cyber jokes at Gra
9936,ohad,image omitted
9937,ohad,We will not go home today
9938,ohad,audio omitted
9939,ohad,video omitted
9940,ohad,video omitted
9941,ohad,Very rough sound
9942,ohad,There are grades
9943,ohad,validation
381,ori,Ta'at
382,ori,Yes I have new words
383,ori,Yes
384,ori,Only now she is in the sand
385,ori,So she closed a trip to America cause before we started dating
386,ori,And now she was there
387,ori,We were friends once
388,ori,Lol
389,ori,We were not together for months now
390,ori,And two weeks ago she was good
391,ori,Tessa
392,ori,Tawida
393,ori,Tool to bring directories from the Internet
394,ori,Overall yes
395,ori,They will not ask how it really happens
396,ori,Gay
397,ori,You saw what I put on a Facebook toy
398,ori,great
399,ori,Fun
400,ori,Your sister is aware of what is going on
401,ori,I was at work
402,ori,I do not know anything like that
403,ori,Recognize just that a reactor is safe and the reactor you implement thread per client
404,ori,so
405,ori,Reactor All he does is big only to avoid situations of wasted hassles
406,ori,And he opens a tard for every request
407,ori,Not every client is my mistake
408,ori,Who told you you had to do a trout per client
409,ori,So yes probably should
410,ori,That's what they want
411,ori,Yes
412,ori,I have no idea
413,ori,And why are you touching the code?
414,ori,"My brother, all this work in the client, you do not touch the client's code"
415,ori,And in the searcher you just have to make adjustments
416,ori,You split into nuisances
417,ori,So what do you ask questions of childhood
418,ori,Trouble
419,ori,One listens to input from the user and sends to the subscriber
420,ori,One gets the sketch
421,ori,And displays the received message
422,ori,You can also post messages to the Commons
423,ori,But not necessarily that they send straight
424,ori,And not necessarily that everything will return in the order of sending
425,ori,It's also something to consider
426,ori,Remains quite a bit
427,ori,You do not have a partner for ppl
428,ori,"In general, you can do with a few people just to know what I've planned but if you want I can offer you"
429,ori,Radiant light should
430,ori,"Yes, come on"
431,ori,Not exactly
432,ori,Because in c you can declare an event without moving it to a certain class
433,ori,So you do not have to get the method or anything
434,ori,"True, but it is not the opposite"
435,ori,You can also delegate not be global but in most cases it will
436,ori,Because that's his goal
437,ori,Studying c or just a course
438,ori,Talk to me freely if you have any questions
439,ori,I'm also here in the summer if you want a day to sit down and I'll help you with tips if you really want to sit down and invest
440,ori,Correct if you declare that it is an event
441,ori,image omitted
442,ori,In this style
443,ori,audio omitted
444,ori,image omitted
445,ori,Yes
446,ori,The verb actionhandleronJoinClan is a method whose signature is exactly the same as the signature on the Delegate OnJoinClan
447,ori,I'm just at work but talk to me in the evening that I'll build a sample code for you
448,ori,So you can read it
449,ori,Tired
450,ori,Fun
451,ori,In his hands
452,ori,K.
453,ori,Yap
454,ori,Clean and bug-free code
455,ori,This is something called extension methods
456,ori,Extesion
457,ori,One of them
458,ori,That is to expand a class without creating a class
459,ori,Let's add an int function called toCommaSeperated to int
460,ori,Which means that for each number the string return is mapped with commas
461,ori,So instead of sending a number to a method with a string
462,ori,You can do
463,ori,Int a
464,ori,atoCommaSeperated
465,ori,Read this really simple to understand
466,ori,image omitted
467,ori,Here's an example
468,ori,take
469,ori,Note that there are parameters in the method
470,ori,Then you copy the node to a place and then create an int variable and you see when you do this point will give you the method
471,ori,Bigly if you remember spl then it just injects the hook to the v table in my opinion
472,ori,It does not matter that it can have virtual methods
473,ori,It's like Pointer for memory
474,ori,atomic event and not passed by reference
475,ori,Bookmark with English
476,ori,It passes like an int
477,ori,Creates replication
478,ori,And you want the original copy that the original will record to the method
479,ori,Not that his duplicate will be recorded so the original will not be recorded
480,ori,so
481,ori,Sometime somewhere someone calls an event and then it reaches the delegate method
482,ori,Yap
483,ori,Yes
484,ori,Just have to do something to not get nullreference
485,ori,image omitted
486,ori,This makes sure that there will be a null error if you unsubscribe from the delegate in another thread
487,ori,K.
488,ori,Another time
489,ori,Asynchronous taps
490,ori,Read about it
491,ori,It's waiting for Asink Task's action
492,ori,"And, among other things, prevents Locke"
493,ori,Declares that a method does
494,ori,Yes but no locks
495,ori,The goal is that if you can not bring a given or get processing time it releases the hassle until possible
496,ori,A type of reactor
497,ori,exactly
498,ori,Servers that supported requests concurrently climbed only with this change
499,ori,Just have an idea of ​​writing this way
500,ori,It's in the hands of the selector
501,ori,Yes
502,ori,Built alone and much much better
503,ori,Instead of checking once in a while he gets an IVENT from the system
504,ori,I offered you a lot of fun
505,ori,Fun
506,ori,Right
507,ori,Maza
508,ori,I'll blink the thing with the Delgate or write you a code
509,ori,Try to combine
510,ori,I do not think so
511,ori,But not sure
512,ori,Maybe this ref int a
513,ori,Maybe it will change
514,ori,But do not think so
515,ori,Ref this
516,ori,There is no difference usually using the capital letter that want to use static methods and small letters as type
517,ori,As with string
518,ori,Because it refers to tape recorder
519,ori,General
520,ori,It's not how you use it
521,ori,You're a bitch
522,ori,I sent you a file by email
523,ori,You will change the extension to rar
524,ori,Run with ctrl f
525,ori,Wallla
526,ori,I also sent to Gmail now
527,ori,so
528,ori,I just did a statistic and could do whatever you wanted
529,ori,You can not inherit
530,ori,Maza
531,ori,Delegate this general statement
532,ori,I use only that
533,ori,audio omitted
534,ori,event This is a general statement
535,ori,And then you write down an avant
536,ori,Acessor event delegatetype name
537,ori,so
538,ori,
539,ori,You can also go out
540,ori,No
541,ori,Delegate is only for signing
542,ori,I meant the little one
543,ori,It is instead of writing the climb just for comfort
544,ori,"In general, it is always the convention that speakers on an event record var"
545,ori,You activated the harassment
546,ori,You'll see the code
547,ori,second
548,ori,image omitted
549,ori,Not in need
550,ori,Necessarily
551,ori,There are all sorts of system operations ending in async
552,ori,Look for such methods and you can use them
553,ori,Such as ToListAsync
554,ori,But Tzikim look for such
555,ori,ReadFileAsync
556,ori,Overall yes
557,ori,so
558,ori,I do not know what WaitAsync does
559,ori,Do not know
560,ori,It's something I have to look at
561,ori,Search for reading text from a file
562,ori,There are several possibilities
563,ori,Or use something as a type def
564,ori,Or run the dispose object anna
565,ori,Which is big
566,ori,You must try to read about it. It is difficult to explain to you a book of c in Watsap
567,ori,In addition
568,ori,In general you do not really have how
569,ori,Believe in the code
570,ori,Or search for it on Google
571,ori,what is going on
572,ori,Lol i have flights this summer
573,ori,Lol will not be
574,ori,I'm sorry
575,ori,Thanks for the suggestion
576,ori,How are you with the interferter of the LP
577,ori,That's the only thing I have to learn about
578,ori,Hummus is on me today if you help me today
579,ori,In hummus then
580,ori,My brother breaks down from reading things that I know do not help me
581,ori,And there is no understandable way to learn this shit
582,ori,You'll find a way
583,ori,I'll come but have to have lunch before
584,ori,So go with my partner to humus environments
585,ori,If you come I invite you
586,ori,In general we will go over the material but we will talk a few minutes extended on this cock
587,ori,I'll tell you fifteen minutes before that
588,ori,I'm leaving now if you want to come
589,ori,I did not ask you at the end of this user defined procedure
590,ori,In the context of adding a new primitive function
591,ori,And for and against when and when not
592,ori,"I understood that too, but I have not yet seen where to define it"
593,ori,Tomorrow they tended because I do not know
594,ori,of such
595,ori,Ahh that's related
596,ori,how
597,ori,But what does it mean to be primitive?
598,ori,Like you're adding her to her name list
599,ori,As with derivation or set it in the core interpreter
600,ori,No
601,ori,enlightened
602,ori,You'll look at Google's quite simply to get it out
603,ori,Try to connect with the ssms at first you will see that the username and password are working
604,ori,So do not be a wedding
605,ori,Change the windows authentication
606,ori,Connect with user and password
607,ori,I can not find my project that said it
608,ori,Then look for a connection string that connects with windows authentication
609,ori,It does not require a user and password
610,ori,"This is not a bad grade, but at least I did not get it at all and got at least points for nonsense"
611,ori,But really nonsense
612,ori,final
613,ori,I will not risk a date on
614,ori,Sure you do
615,ori,Pizadas
616,ori,You become smart after a beautiful first year
617,ori,Nahza has nothing to do with me
618,ori,And Tomorrow Algo
619,ori,One of the possible dates
620,ori,But this elgo is cancer for me
621,ori,Probably will
622,ori,Do not see why not
623,ori,"For me, very garbage"
624,ori,There are others who find it easy
625,ori,I hate killing the formal professions
626,ori,I did not invest all year
627,ori,Yes
628,ori,You have full access to your computer
629,ori,You just update the source
630,ori,so
631,ori,How you got it and why you want to get over it
632,ori,Read about lazy reading
633,ori,Realize what you learn a little will weaken
634,ori,Do not read any file straight but line a line
635,ori,It's really easy bro
636,ori,Same brother
637,ori,need something
638,ori,"For starters, you just tried to upload a server that answers every request"
639,ori,Without too many improvisations and such
640,ori,It does not make sense that you say you have succeeded in opening a socket
641,ori,Ok
642,ori,There is no such thing
643,ori,Listen and see where you fall
644,ori,If you manage to pick up a socket and a connection is created then I tell you in advance the server and code is running
645,ori,If the cluster does not connect there are options or the server crashes in trying to stabilize the connection or there really is no server
646,ori,"Again, pick up a simpler code"
647,ori,All wrapped in a try catch
648,ori,So keep reading
649,ori,Maza
650,ori,Y
651,ori,"In general, this is sorted by port"
652,ori,All http requests come in
653,ori,Https
654,ori,Ftp
655,ori,And more
656,ori,It has nothing to do with it
657,ori,If you are submitting an https request whose name it should be sent
658,ori,Then the server knows that this is the request
659,ori,What you send please and what its name does not matter
660,ori,It changes the protocol you send it
661,ori,The IIas listens to everything it needs
662,ori,And if you have a server on Port Governor
663,ori,So he gets the request on
664,ori,Then passes it on to
665,ori,You need to route it
666,ori,If you send a request you'll say something like that
667,ori,Http
668,ori,Then it comes to the server and it searches for a class called myController
669,ori,Then a method called DoSomething
670,ori,My brother will read about http requests a little
671,ori,"We need a new site with a more stable, smoother, more open pits, but open to the Israeli league. If you want to create a group go for it"
672,ori,Moving perhaps in the summer
673,ori,Walla is more likely to work without studying how you do
674,ori,Will create web api
675,ori,It's something pre-built that you just write methods and it's
676,ori,You need to http poatget or socket
677,ori,Post
678,ori,Then web api
679,ori,Download an example project of this and you'll see one of the easiest
680,ori,I'm not at home right now but I'm sure that if you do not get along with me I'll write you something
681,ori,You need something of a live
682,ori,As if every action everyone gets an answer and that
683,ori,It's a bit more complex
684,ori,There is something called aignalr
685,ori,SignalR
686,ori,It's something that supports Leib and that
687,ori,Yes
688,ori,It's not that easy to inject on it without experience
689,ori,instead of
690,ori,You need someone to make a move to update everyone and that
691,ori,And just to update who chose this
692,ori,It's not a lot of code at all if you understand how it works but it's not easy to get into it so it will take time
693,ori,If I had time I would sit with you and close it for you in half an hour an hour
694,ori,Until when do you have
695,ori,"I'm here on Saturday for another week. If you want to, I'll probably be in the labs tomorrow and I can show you"
696,ori,So Thursday I have some time you can get to the basic skeleton for sure
697,ori,In which language the clients are
698,ori,But such a site or software
699,ori,Also the software
700,ori,The game itself means which language it will be written
701,ori,Javascriptc
702,ori,Great then
703,ori,Then Thursday we meet
704,ori,I'll be in labs from about
705,ori,Yes
706,ori,Yes
707,ori,
708,ori,In the evening I can also meet
709,ori,If I finish the lab until then even better
710,ori,My hour is a shekel
711,ori,I'll make you put this friend
712,ori,Just sit down for an hour
713,ori,Y
714,ori,I'm stuck here probably even after you're finished
715,ori,
716,ori,Glad you're done early
717,ori,Just waiting for you
718,ori,The usual big b
719,ori,Ground floor
720,ori,No
721,ori,Great
722,ori,Point out both client and server and see who's throwing an error
723,ori,Put a try catch and you'll see what pops up
724,ori,Open it
725,ori,There is a field called inner exception
726,ori,"If it can not be found, it is because there is a firewall blocking or something is not running"
727,ori,Chances are you just did not run anything good
728,ori,I hope that the server and the client ran separately
729,ori,have a nice time
730,ori,Google
731,ori,You will create an empty function in the hub that does nothing
732,ori,Just void
733,ori,And try to call her
734,ori,Oh okay
735,ori,Check that the port is correct
736,ori,I just registered it
737,ori,"Look, this is exactly the address"
738,ori,Try to add at the end
739,ori,signalr
740,ori,"After the port, Slash will add"
741,ori,
742,ori,This has been progressed to this server error
743,ori,It means you get to it and something happens
744,ori,Keep looking
745,ori,Check for startup file
746,ori,Probably something there
747,ori,You need to define a file that maps the hub
748,ori,have a nice time
749,ori,Do the child and everything works out
750,ori,Ah
751,ori,Yes
752,ori,This is a little problem lol
753,ori,You can try creating a new one
754,ori,Lame does not know to look at the tutorial again
755,ori,Walla maybe you are so much under
756,ori,Do not know why it makes you trouble
757,ori,right
758,ori,You got along with everything you planned
759,ori,From Danibit you've been able to get already and that
760,ori,Should not be complicated by your architecture
761,ori,Send them to them
762,ori,For my time sql will be more convenient for you
763,ori,A mighty Mongo but it's a shame to waste time learning about it
764,ori,No
765,ori,He only returns orders
766,ori,You have to host a place where people approach it
767,ori,The tea is fluffy
768,ori,As what
769,ori,"Yes, with pleasure"
770,ori,Just a million details from nowhere lol
771,ori,Uri Refael Shachar Name Father Ezra Name Grandfather Israeli Jew Iyar Rosh Ha'ayin
772,ori,Working
773,ori,Wingate Beer Sheva
774,ori,It's as though Noah is still not on an ID card
775,ori,enlightened
776,ori,You need to create a certificate and set it up there
777,ori,Read about it
778,ori,Iis dev certificate
779,ori,"I do not know, brother"
780,ori,I did not
20107,lilach,Wai Basa
20108,lilach,Well you'll finish a little rest and you'll start jobs
20109,lilach,Then you're on vacation from Thursday
20110,lilach,"It's not good to go over the material in the morning, as she often told us"
20111,lilach,Wait a minute
20112,lilach,Ah
20113,lilach,Then when does he leave?
20114,lilach,"Yes, Zik Tzak will not finish it"
20115,lilach,Be a little at home
20116,lilach,Too bad she has freedom
20117,lilach,You decide you'll be back at least in the fourth
20118,lilach,Not after me
20119,lilach,Lol what
20120,lilach,I did not understand the project
20121,lilach,Ah yo
20122,lilach,Giant
20123,lilach,mummy
20124,lilach,How did I feel like it?
20125,lilach,"Yeah, yeah"
20126,lilach,send me
20127,lilach,when will it be ready
20128,lilach,Password FAQ Calendar Mark Forums Read חחחחחחחחחחחחחחחחח
20129,lilach,Do not
20130,lilach,Bring more funny conversations
20131,lilach,Laugh
20132,lilach,What a cool woe
20133,lilach,There are soldiers here
20134,lilach,And the generation promoted was gone and he practiced
20135,lilach,No
20136,lilach,Half an hour is over
20137,lilach,So I'm going to Boomer's exam tomorrow
20138,lilach,cub
20139,lilach,I'm in bed already after a shower
20140,lilach,Because he did not come straight up on us and we went upstairs and we went to shower
20141,lilach,A puppy also seemed to me
20142,lilach,What about you
20143,lilach,When are you going to sleep
20144,lilach,When to wake you up tomorrow
20145,lilach,Good for my little puppy
20146,lilach,"Oh, I'm already in bed upstairs and I have pee"
20147,lilach,And I did twice
20148,lilach,I do not know
20149,lilach,I do not prefer to deal with it
20150,lilach,Well Gore so I'll wake you up at half past two tomorrow
20151,lilach,I love you
20152,lilach,Good night my life
20153,lilach,Good morning my puppy
20154,lilach,Good luck in my little puppy test
20155,lilach,I ran about a kilometer
20156,lilach,Own
20157,lilach,I ran in the walker
20158,lilach,Then I made a force
20159,lilach,As if full of stomach and hands
20160,lilach,Thanks to my puppy
20161,lilach,Now I'll go take a shower
20162,lilach,Then I'll go down to eat
20163,lilach,I'll sleep at noon
20164,lilach,I woke up already
20165,lilach,Call the test runs out
20166,lilach,I love you too
20167,lilach,Good luck my life
20168,lilach,Call it over
20169,lilach,Yeah my puppy just fine I was in the middle of Fuda lol
20170,lilach,What about you
20171,lilach,Yeah I'm done lol
20172,lilach,I have another chapter
20173,lilach,I'm talking to Noy
20174,lilach,Elhadad
20175,lilach,Good puppy I go up a minute into the room
20176,lilach,Welcome
20177,lilach,Yoo
20178,lilach,What I fantasized about all week long
20179,lilach,You deserve a puppy
20180,lilach,Yes yes before the stand-up
20181,lilach,audio omitted
20182,lilach,Yes
20183,lilach,And next week I'm going out early to fix the waterfall so I do not know when I'll go and take the pills understand
20184,lilach,I have to talk to Autumn
20185,lilach,Sharpening
20186,lilach,Maybe I'll go first Sunday morning really early I'm not healthy
20187,lilach,choice
20188,lilach,Before the base
20189,lilach,I love you
20190,lilach,Yes first two more weeks
20191,lilach,I do not know I did not see that I sent Einbal talking to me on the phone
20192,lilach,Excuse my mother
20193,lilach,Where you
20194,lilach,In the company
20195,lilach,Of Boomer
20196,lilach,There's something here
20197,lilach,I did not yet understand what
20198,lilach,I miss you
20199,lilach,I'm more
20200,lilach,No
20201,lilach,I'm more
20202,lilach,Password FAQ Calendar Mark Forums Read
20203,lilach,Which
20204,lilach,I love you
20205,lilach,Who answers?
20206,lilach,I speak on a cell phone and then I do not see the messages
20207,lilach,what? Are you serious
20208,lilach,I do not know I do not understand
20209,lilach,You do not believe I did not see the message
20210,lilach,I'm serious I did not see
20211,lilach,I do not want us to fight again
20212,lilach,I really did not see the post
20213,lilach,I swear to you
20214,lilach,But it did not happen long ago
20215,lilach,Why are you suddenly coming out on me?
20216,lilach,Good
20217,lilach,That's enough
20218,lilach,I do not know what to answer even because you do not believe me
20219,lilach,I really do not know what to answer you
20220,lilach,"I understand what you're talking about and it used to happen, but it's been a while since"
20221,lilach,It is not unnecessary
20222,lilach,Well I understand I got
20223,lilach,I'll notice
20224,lilach,I love you
20225,lilach,"I'm much, much more"
20226,lilach,No
20227,lilach,I'm more and I miss you more
20228,lilach,Yes
20229,lilach,At the meeting
20230,lilach,Zone to be on iPhone
20231,lilach,I will write soon
20232,lilach,Ends
20233,lilach,What are you doing
20234,lilach,Gore Beauty
20235,lilach,Gore Beauty
20236,lilach,Yes now goes with Gil to practice
20237,lilach,Good puppy
20238,lilach,Wai I do not have the strength to put a meter of
20239,lilach,audio omitted
20240,lilach,audio omitted
20241,lilach,audio omitted
20242,lilach,audio omitted
20243,lilach,audio omitted
20244,lilach,Web Gur
20245,lilach,thanks
20246,lilach,image omitted
20247,lilach,audio omitted
20248,lilach,audio omitted
20249,lilach,audio omitted
20250,lilach,Good puppy
20251,lilach,My little puppy is going to sleep
20252,lilach,Yes Gur
20253,lilach,Put an alarm clock
20254,lilach,Good night my life I love you
20255,lilach,Good morning my little puppy
20256,lilach,Hey
20257,lilach,what is going on
20258,lilach,Hey
20259,lilach,I was in roll call
20260,lilach,Then training
20261,lilach,And now I'm taking a shower
20262,lilach,No I'm not tired We drank coffee now in the bag and I went to bed early I'm fine
20263,lilach,Yes B. There is an exit order
20264,lilach,Getting ready for home
20265,lilach,When did you go to sleep
20266,lilach,Oh ok
20267,lilach,Good
20268,lilach,Shortcut I get into a shower
20269,lilach,Tush
20270,lilach,Hish
20271,lilach,Waiting for a ride
20272,lilach,Gil said it was too early to wait
20273,lilach,Because she said we'd just have a chance
20274,lilach,But you did not know
20275,lilach,It would be good there in the 4th quarter
20276,lilach,Very good
20277,lilach,I went on a hike
20278,lilach,You'll be in the quarter because if I get the train then you'll be at the station
20279,lilach,Yes and she has not gone yet
20280,lilach,"This is not war, what is happening to you?"
20281,lilach,Gil said it's five minutes from the moment you leave
20282,lilach,Yes I will
20283,lilach,Great
20284,lilach,But you'll still be in a quarter to there
20285,lilach,We left
20286,lilach,Where you
20287,lilach,We're already in Be'er Sheva
20288,lilach,But not yet in the center
20289,lilach,I wanted a sign from the library
20290,lilach,Great
20291,lilach,Great
20292,lilach,To the North Caravan
20293,lilach,But wait I'll go up and then I'll write to you
20294,lilach,Or maybe it would be south
20295,lilach,At the station
20296,lilach,Shortening hears
20297,lilach,I sat in the first car
20298,lilach,Just the first north
20299,lilach,The Saved Lol
20300,lilach,up
20301,lilach,With his generation and his friend
20302,lilach,I've saved you
20303,lilach,Not to Nahariya
20304,lilach,I asked
20305,lilach,Not yet out
20306,lilach,He's waiting here
20307,lilach,I did not go out
20308,lilach,It's the first stop
20309,lilach,Out now
20310,lilach,What's going on
20311,lilach,Good
20312,lilach,Did you eat
20313,lilach,hamburger
20314,lilach,what did you eat
20315,lilach,Yes
20316,lilach,Beauty
20317,lilach,The truth is that I'm still blown up
20318,lilach,whatever you want
20319,lilach,Good
20320,lilach,When ever you want
20321,lilach,Great
20322,lilach,Great
20323,lilach,Well I also
20324,lilach,moment
20325,lilach,I'm not ready
20326,lilach,Yes Yes
20327,lilach,image omitted
20328,lilach,Good morning from my mother
20329,lilach,Thanks Gur
20330,lilach,You went back to sleep
20331,lilach,I do not have the strength to save
20332,lilach,"Yes, an artist will pass quickly"
20333,lilach,The other waitress has not arrived yet
20334,lilach,About a half
20335,lilach,Depends on customers
20336,lilach,And there are two orders
20337,lilach,One table and one table of
20338,lilach,I have very much
20339,lilach,They have become
20340,lilach,You go somewhere
20341,lilach,Yoo Mami I'm dying
20342,lilach,Hearing we want to pass by Shiran before Hansis
20343,lilach,Do not have a puppy I've been neshish something at that early kiddush
20344,lilach,Lol what
20345,lilach,Why
20346,lilach,What did she write to you?
20347,lilach,Good
20348,lilach,audio omitted
20349,lilach,Lol yes we will go
20350,lilach,Lol all good my puppy where are you
20351,lilach,waiting for the bus
20352,lilach,I arrived
20353,lilach,who are you with
20354,lilach,Yes
20355,lilach,I'll come for you
20356,lilach,Great
20357,lilach,Great
20358,lilach,We do not have to get there first
20359,lilach,closed
20360,lilach,I'm dying and I've eaten bourekas and Haman's ear lol
20361,lilach,I already feel the Kiddush
20362,lilach,B
20363,lilach,He hears from my mother
20364,lilach,I'm going to tell my mother about your sleep
20365,lilach,but anyway
20366,lilach,Your mother will not make us breakfast or a geek or anything
20367,lilach,Because I want us to do something small
20368,lilach,Mami
20369,lilach,I asked my mother
20370,lilach,Not
20371,lilach,Yes
20372,lilach,I told her I slept with Naor today
20373,lilach,And she told me not to
20374,lilach,You're just unmarried friends and you're not a girl
20375,lilach,She's all sorry
20376,lilach,Better than my mother I get up for Kiddush
20377,lilach,I'll talk to you after that
20378,lilach,Yes I will
20379,lilach,They also sit in the living room
20380,lilach,Tight without pressure
20381,lilach,I'm still not getting organized
20382,lilach,I want to come and get you to sit with me for now
20383,lilach,And then I'll get organized
20384,lilach,Yes
20385,lilach,So I come in Figma
20386,lilach,I'll just come and get you
20387,lilach,What will you help?
20388,lilach,So I'll get dressed
20389,lilach,Very good
20390,lilach,to go out
20391,lilach,I left
20392,lilach,"Wai, I'm really in Figma"
20393,lilach,outside
20394,lilach,I arrived
20395,lilach,Good night my life I love you too
20396,lilach,
20397,lilach,Are you ready
20398,lilach,Write down you
20399,lilach,Ah then a minute
20400,lilach,Do you want some coffee
20401,lilach,Well I also gave up that there is no one-time hot cup
20402,lilach,Good Morning
20403,lilach,Welcome
20404,lilach,Yes she told me
20405,lilach,We'll go to a cafe
20406,lilach,I have no air in the village
20407,lilach,July also said she and Lior were not hungry
20408,lilach,B
20409,lilach,And I'll check
20410,lilach,Why do you have voicemail?
20411,lilach,Call
20412,lilach,I love you
20413,lilach,Good for my life Enjoy my little puppy
20414,lilach,inlove with you
20415,lilach,Outgoing
20416,lilach,Good night my little puppy I love you
20417,lilach,You've arrived
20418,lilach,The beauty of my life
20419,lilach,My
20420,lilach,Good Night Gore
20421,lilach,Mami got up
20422,lilach,The beauty of my life
20423,lilach,"If I can do it, I will tell my father that he will bring me down safely"
20424,lilach,I'll see by time
20425,lilach,"And if you are enough, then look for the loudspeaker and if not then it will not matter"
20426,lilach,Thanks my life
20427,lilach,What time do you go to the station?
20428,lilach,Great
20429,lilach,I'm on your way to your station
20430,lilach,I went with my father to iron something first
20431,lilach,"As if we are already on the way back, I think I will come before you"
20432,lilach,Orshpitz
20433,lilach,I did a pee
20434,lilach,I love you
20435,lilach,Well my life will inform you too
20436,lilach,Beauty Mami
20437,lilach,I arrived
20438,lilach,A good and quick week of my life
20439,lilach,I love you
20440,lilach,What fun to have on your pants is the smell of your laundry
20441,lilach,I sat down to eat earlier with Gil and the one we met on the train
20442,lilach,Then Dor came to show me something on the computer and now I'm in the room I want to sleep a little
20443,lilach,I go to the clinic
20444,lilach,I love you and I'm glad we finally enjoyed each other
20445,lilach,I really missed you
20446,lilach,Take a referral for blood tests and pills
20447,lilach,Mami then we'll have the meal we wanted to do at dawn and change only to ourselves
20448,lilach,Make steaks with mashed potatoes and buy wine
20449,lilach,I'm going to sleep a little
20450,lilach,Okay sweetheart
20451,lilach,Thanks
20452,lilach,And I got up because of the pee
20453,lilach,I'm serious
20454,lilach,I've been trying to get up a few minutes ago and the piece I have is pee again
20455,lilach,Undecided whether to go again
20456,lilach,LOL
20457,lilach,It's quite not funny and it's really a problem
20458,lilach,I also slept downstairs
20459,lilach,I sleep upstairs
20460,lilach,What about you from my mother? You started the work
20461,lilach,Beauty Gur I will not interfere
20462,lilach,Ohad did not come to the apartment
20463,lilach,Equal
20464,lilach,I came to the conclusion that I wanted a vacation
20465,lilach,I'll have a date to look forward to
20466,lilach,Oh right
20467,lilach,For a long time
20468,lilach,Where shall we go?
20469,lilach,I want us to go to Greece but to a beautiful area
20470,lilach,Oh also possible
20471,lilach,Well think
20472,lilach,Barcelona has a sea
20473,lilach,Beauty
20474,lilach,So let Barcelona
20475,lilach,So when
20476,lilach,Oh well there's a lot of time
20477,lilach,In August I will have months to be released
20478,lilach,Short cut already came very summer
20479,lilach,Lol I want something soon something to expect him
20480,lilach,"Well, maybe I'll surprise you in Panguya"
20481,lilach,It's hot in Greece now
20482,lilach,I also do not really know if my parents are serious about flying somewhere independently
20483,lilach,"No, but I hope so"
20484,lilach,But if it is not hot then it is not good to fly there
20485,lilach,Not less Prague
20486,lilach,As if not now
20487,lilach,More sun and shore
20488,lilach,So I'll come in Pangea
20489,lilach,How sweet you invited me from my mother
20490,lilach,I will come
20491,lilach,Password FAQ Calendar Mark Forums Read חחחחחחחחחחחחחח
20492,lilach,LOL
20493,lilach,Better than my mother so we'll think about it
20494,lilach,I have already done yes
20495,lilach,Well I'll rest for half an hour
20496,lilach,Up to my turn
20497,lilach,bye for now
20498,lilach,Tush
20499,lilach,My life I love you the most in the world And I do not know how but I miss you already and want to be with you Now it 's fun for me to have you And I can not stop thinking about you
20500,lilach,"Yes, I have my own mother too"
20501,lilach,In the meantime
20502,lilach,I ran about a kilometer
20503,lilach,"In twenty, I'm going to take a shower"
20504,lilach,Of Boomer's company
20505,lilach,I'll talk to you I'll finish
20506,lilach,Okay sweetheart
3244,koren,And at maximum I put a cell phone in your room
3245,koren,Which
3246,koren,The plate
3247,koren,Book
3248,koren,"If I am known, I am a king"
3249,koren,Barrels
3250,koren,Serving
3251,koren,Poisoned
3252,koren,The poison kills a person only after hours
3253,koren,And more hours of silence
3254,koren,"Wow, okay"
3255,koren,As if
3256,koren,B
3257,koren,Why
3258,koren,There's someone there
3259,koren,Walla ask who what
3260,koren,Sucking
3261,koren,Great
3262,koren,Do not know she told me there are no answers yet
3263,koren,That means I'm registered
3264,koren,at least
3265,koren,And apparently did not call yet
3266,koren,Well I solve a problem
3267,koren,"If you come to Skype, we'll fix everything"
3268,koren,I've already done a question
3269,koren,
3270,koren,Why?
3271,koren,enough
3272,koren,hook
3273,koren,My brother also told me that they were guarding in the wrong place
3274,koren,Their mother is a whore
3275,koren,Just complicating everything
3276,koren,Oh no need to cost anything
3277,koren,As if it were a simple user
3278,koren,And they'll check it out
3279,koren,Well in my opinion the solution of the puzzle is like the magic with the cards
3280,koren,Divide into barrels
3281,koren,There are groups
3282,koren,Then play with the guards
3283,koren,Drinking from
3284,koren,Each one of us drinks from a different as if to arrange it somehow that there will always be one who will not drink from any barrel
3285,koren,Then you'll know which barrel
3286,koren,I will check the Internet now if there is anything
3287,koren,You searched for
3288,koren,I will look for
3289,koren,Atonement for me
3290,koren,Take a cake and take you a piece and cut it to exactly the hook
3291,koren,Amen will ask me
3292,koren,Out of genius
3293,koren,I told him I knew the same thing
3294,koren,The barrels are numbered from to and the slaves are lined up
3295,koren,Lol
3296,koren,It's from the Internet
3297,koren,It's straight to gamma cyber
3298,koren,Hermetic's right hand
3299,koren,Cool but
3300,koren,of genius
3301,koren,I'd say what I told you
3302,koren,Suddenly
3303,koren,I do not know if I'd think about it
3304,koren,video omitted
3305,koren,Great
3306,koren,You're back today
3307,koren,Great
3308,koren,Lee B.
3309,koren,The first
3310,koren,image omitted
3311,koren,Thanks to the Creator
3312,koren,Do you want to come to me
3313,koren,Sleep here
3314,koren,We'll do the work and go out with Lidor and Yuval and that
3315,koren,They want
3316,koren,And we'll go in the morning
3317,koren,"Even so, there is no Pingfong"
3318,koren,Yes of course
3319,koren,We will emerge in such a manner
3320,koren,So tell me then when you get to the station in Ashdod I'll take you
3321,koren,My mother will take us to Be'er Sheva in the morning
3322,koren,in the car
3323,koren,So if you have other things that you want to bring to Be'er Sheva bring
3324,koren,There's a place to load
3325,koren,I don 't know
3326,koren,image omitted
3327,koren,I'll go out for a minute
3328,koren,Fuck in the eye
3329,koren,Yes we will
3330,koren,Check
3331,koren,audio omitted
3332,koren,audio omitted
3333,koren,Ipeh
3334,koren,
3335,koren,Of pearl
3336,koren,"Oh, right"
3337,koren,I owe your job
3338,koren,On sql
3339,koren,I heard it up
3340,koren,closed
3341,koren,What is the password for the computer and the user
3342,koren,"Of course, I do not have a computer here"
3343,koren,Cancel we do not come
3344,koren,Everyone is making a show
3345,koren,Their cusama
3346,koren,The problem we are
3347,koren,And another one who does not drink
3348,koren,And there is no convection to
3349,koren,Everything had gone haywire
3350,koren,really
3351,koren,Yes he called me and I no longer answered him
3352,koren,I was broken
3353,koren,I fell asleep
3354,koren,LOL
3355,koren,Lol broke me without sleep
3356,koren,He has a lot to complete
3357,koren,Allow
3358,koren,"In Ben-Gurion, it is possible to combine psychology with a two-circle curriculum"
3359,koren,That's what they said
3360,koren,In the group
3361,koren,I have not finished my mother yet
3362,koren,what
3363,koren,since when
3364,koren,I thought so
3365,koren,What are Allegos
3366,koren,just finished
3367,koren,Not good
3368,koren,I had
3369,koren,audio omitted
3370,koren,Day
3371,koren,Beautiful
3372,koren,Mappen
3373,koren,bomb
3374,koren,good good
3375,koren,he did not
3376,koren,He asked me
3377,koren,How do I get to the cs page?
3378,koren,How do I solve with Colombia
3379,koren,To show me all the countries
3380,koren,I got stuck on that
3381,koren,He runs software
3382,koren,Not connected to the pillar
3383,koren,What what
3384,koren,you are amazing
3385,koren,Keep going
3386,koren,image omitted
3387,koren,Glacier
3388,koren,It's great here
3389,koren,image omitted
3390,koren,You do not come
3391,koren,No
3392,koren,Great
3393,koren,The practice now is what happened last week
3394,koren,About fat
3395,koren,I think it's the practice of those in the Daly
3396,koren,Probably because of Student Day
3397,koren,I am coming now
3398,koren,Sucking
3399,koren,Say why
3400,koren,I'll try to fix things up
3401,koren,I have no idea when I'll end up in the lab
3402,koren,I'll ask him to tick everything straight
3403,koren,video omitted
3404,koren,
3405,koren,bad animal
3406,koren,image omitted
3407,koren,A kiss from the heart
3408,koren,Go and not Lian
3409,koren,To Lean
3410,koren,And you're dead
3411,koren,There was nothing but a minute
3412,koren,And I grinned
3413,koren,My mother sends you and not to a girl
3414,koren,He grinned
3415,koren,Gay
3416,koren,Wait a soul
3417,koren,You will receive
3418,koren,You'll arrive
3419,koren,Lined on the thicket
3420,koren,Save me space
3421,koren,mjrucZg
3422,koren,video omitted
3423,koren,Looks bad
3424,koren,tasty
3425,koren,image omitted
3426,koren,You have a dose
3427,koren,Great
3428,koren,where is he
3429,koren,Check football today
3430,koren,Nadal Final Act
3431,koren,"Yes, yes"
3432,koren,Very Good
3433,koren,Fewer adversaries to Federer
3434,koren,Ah
3435,koren,Who is
3436,koren,He would like to
3437,koren,Drop
3438,koren,Yes my mother's brother
3439,koren,From Pluto
3440,koren,say hi
3441,koren,Come on
3442,koren,I do not know
3443,koren,how much did you get
3444,koren,Tobabababab
3445,koren,Champion
3446,koren,Yes
3447,koren,
3448,koren,Let me
3449,koren,I passed or not
3450,koren,Islands
3451,koren,Amen
3452,koren,Oh God
3453,koren,
3454,koren,Islands
3455,koren,Some
3456,koren,Lol
3457,koren,how
3458,koren,So right to that question
3459,koren,What do you think?
3460,koren,Ah
3461,koren,Send me your test
3462,koren,Yes
3463,koren,
3464,koren,I got a question
3465,koren,In fat yes the same
3466,koren,And in ntfs this is a general error
3467,koren,And crack then indoe wrong
3468,koren,"I still deserve a name, and in synchronization I deserve a lot more"
3469,koren,As if he was trying to get me off on anything possible
3470,koren,In the first section I did a partial wt
3471,koren,Instead of partial
3472,koren,He lowered me
3473,koren,Son of Donna
3474,koren,And in a digitally numbered table I wrote down properly
3475,koren,what hurts
3476,koren,audio omitted
3477,koren,audio omitted
3478,koren,What a friend
3479,koren,You are a publicist
3480,koren,what is the number
3481,koren,audio omitted
3482,koren,I closed a bomb with him
3483,koren,see you
3484,koren,Ipeh
3485,koren,At the little bar
3486,koren,You
3487,koren,Yes
3488,koren,From yesterday to Thursday
3489,koren,I follow the hook
3490,koren,With God's help
3491,koren,
3492,koren,Laugh
3493,koren,I was with Lian
3494,koren,We just sat there
3495,koren,nothing happened
3496,koren,Yes
3497,koren,enlightened
3498,koren,Today some year has come into Clara
3499,koren,audio omitted
3500,koren,audio omitted
3501,koren,where are you going
3502,koren,a day
3503,koren,Today
3504,koren,let me know
3505,koren,How early I'll tell everyone
3506,koren,I'm not dressed
3507,koren,"Just a call, then let me know"
3508,koren,Because you called at Watsup
3509,koren,audio omitted
3510,koren,Where you
3511,koren,Ahhh
3512,koren,Great
3513,koren,How the Alma
3514,koren,You can make free calls for Litzman or Alma
3515,koren,We can not go in
3516,koren,Ask someone
3517,koren,good thanks
3518,koren,Ipeh
3519,koren,Ahhhhhhhh Enjoy a full artist will fall on a shemale
3520,koren,audio omitted
3521,koren,My dear brother is full of good luck to a lot of health and happiness and pure love finally
3522,koren,On Thursday I have to sign up for onions
3523,koren,Return of the onion
3524,koren,I'll be on the test
3525,koren,You will download the application and sign up for the onion
3526,koren,I do not have time for another project and other things
3527,koren,Better something light
3528,koren,"Thanks, I'll remind you"
3529,koren,You do not forget me tomorrow
3530,koren,Korenlev
3531,koren,mjrucZg
3532,koren,Try the return of an onion and of course download the apps if you can not then try an orchestra
3533,koren,
3534,koren,Count on Yevzel
3535,koren,awake
3536,koren,audio omitted
3537,koren,audio omitted
3538,koren,Great
3539,koren,audio omitted
3540,koren,audio omitted
3541,koren,Yes
3542,koren,Why do you have other plans
3543,koren,So stay
3544,koren,Must organize in Crown
3545,koren,have to
3546,koren,I'll ask a lot of people too
3547,koren,Now
3548,koren,now
3549,koren,Where are you today?
3550,koren,Think
3551,koren,You do not go out
3552,koren,Will be discontinued
3553,koren,outgoing
3554,koren,Great
3555,koren,How was
3556,koren,
3557,koren,Yes
3558,koren,You have made a fool of them
3559,koren,"Well, what am I a two-year-old boy?"
3560,koren,I know
3561,koren,No I do not
3562,koren,Ohad wanted to change places
3563,koren,Shut up
3564,koren,He does a handshake
3565,koren,Great
3566,koren,image omitted
3567,koren,Yes
3568,koren,Great
3569,koren,Now copy the wards
3570,koren,In the metal
3571,koren,Fly down
3572,koren,Tobab
3573,koren,Ipea today
3574,koren,I want to come to the cell
3575,koren,Yalla will check
3576,koren,Let 's come
3577,koren,where
3578,koren,And how there
3579,koren,We shall check
3580,koren,How the b club
3581,koren,Yes there is matzah
3582,koren,It was only by hearing that I heard about him
3583,koren,How dare you?
3584,koren,he
3585,koren,Ok
3586,koren,audio omitted
3587,koren,Hahaha
3588,koren,Apartment
3589,koren,Good fun Dad
3590,koren,How did you fix the browsing in Hip
3591,koren,Ok
3592,koren,I also believe in Manger
3593,koren,
3594,koren,Great
3595,koren,Enlightened you have plans for Friday
3596,koren,We and I thought we would come to Tel Aviv to go together to the Cameri and then to some bar or something would flow
3597,koren,With you and Lilach
3598,koren,Let's get it
3599,koren,Check with her and let me know
3600,koren,If I do not invite someone else
3601,koren,And you would not go later
3602,koren,We are in Shvoong
3603,koren,Come back take a shower
3604,koren,And we'll go
3605,koren,whatever you want
3606,koren,We're just in Shvoong yet
3607,koren,Great
3608,koren,Ipeh
3609,koren,image omitted
3610,koren,image omitted
3611,koren,image omitted
3612,koren,image omitted
3613,koren,I bought it
3614,koren,Monday
3615,koren,Yala Haifa
3616,koren,Bring you a scarf
3617,koren,They want to come to Gan Yavne
3618,koren,to sit down
3619,koren,We're in bed
3620,koren,Just sitting at home or something
3621,koren,LOL
3622,koren,So let's see a classics tomorrow
3623,koren,and
3624,koren,Great
3625,koren,First job verification
3626,koren,You'll be here for a quarter of this
3627,koren,Oct
3628,koren,Y.
3629,koren,We sit for another half hour
3630,koren,This message was deleted
3631,koren,image omitted
3632,koren,image omitted
3633,koren,Do not take it
3634,koren,"Thank you, my brother, what a thrill you have become"
3635,koren,I arrive around half
3636,koren,Yes
3637,koren,Ipeh
3638,koren,Good table with my name
3639,koren,On
3640,koren,You want to come here tomorrow
3641,koren,At least we have food here and an empty house
3642,koren,Very good
3643,koren,Remind me to bring you a shekel
3028,naor,Tomorrow and Intelligence
3029,naor,If they tell me
3030,naor,Lol
3031,naor,"All right, bro"
3032,naor,Why
3033,naor,What are you normal?
3034,naor,My brother will call
3035,naor,How in Ely?
3036,naor,Lol beautiful
3037,naor,How long
3038,naor,Beautiful
3039,naor,Yes Mandatory
3040,naor,Obviously
3041,naor,image omitted
3042,naor,ravioli
3043,naor,There was a bag
3044,naor,I warmed up
3045,naor,And the prepared sauce was warmed in the pan
3046,naor,Hahaha
3047,naor,I think I make it from scratch
3048,naor,tasty
3049,naor,Yes
3050,naor,One day they're done with it
3051,naor,Every day my brother flows
3052,naor,Only Ohad would be interested
3053,naor,I have interviews here
3054,naor,They do not say who they are
3055,naor,I'll ask
3056,naor,There was nothing to submit
3057,naor,And people say here that each interview is another
3058,naor,Ok bro
3059,naor,Hearing will start security
3060,naor,I do not know when I'm finished
3061,naor,You are dressed
3062,naor,So how to access security
3063,naor,Need to submit manually bro
3064,naor,Ohad returns home today
3065,naor,Getting started
3066,naor,I have more
3067,naor,Enters the interview and asks
3068,naor,#NAME?
3069,naor,Wait for the phone
3070,naor,All is well
3071,naor,Or bring her your father's number or something
3072,naor,Call him
3073,naor,LOL
3074,naor,I was riddled with a riddle again
3075,naor,Smack
3076,naor,I did not solve
3077,naor,Barrels of servants from barrels poisoned by poison kill the man hours later
3078,naor,Until the feast
3079,naor,You understood
3080,naor,Yes
3081,naor,"Yes, leave it now"
3082,naor,Do security
3083,naor,You were in to say
3084,naor,Yes
3085,naor,Ah
3086,naor,There was a yes
3087,naor,I'm no longer there lol
3088,naor,I just left
3089,naor,Yes
3090,naor,Do security
3091,naor,Leave the riddle a minute
3092,naor,"Come on, what are you doing?"
3093,naor,I did the practical times lol
3094,naor,Because I was wiped out
3095,naor,Complicated with me
3096,naor,The murder of the guard
3097,naor,Yes
3098,naor,I'd do it on my computer
3099,naor,He hands them a zip
3100,naor,Instead of downloading it
3101,naor,No
3102,naor,Must
3103,naor,Zip
3104,naor,What a charm
3105,naor,That's about what I told them
3106,naor,But with a difficult to think about a solution
3107,naor,Its less easy
3108,naor,Yes
3109,naor,No
3110,naor,But that's about the way
3111,naor,Yes hahaha
3112,naor,Ask me about becoming and turning
3113,naor,I told him I know
3114,naor,From the pause
3115,naor,I think I'd solve that
3116,naor,Yes yes
3117,naor,I would not answer that
3118,naor,crazy
3119,naor,image omitted
3120,naor,I submitted
3121,naor,Yes
3122,naor,I have a train on
3123,naor,Ok
3124,naor,Yes I saw lol
3125,naor,I want to return tomorrow early to learn to run
3126,naor,Ok
3127,naor,I have a train on
3128,naor,Comes in
3129,naor,The first
3130,naor,What why lol
3131,naor,Ok lol
3132,naor,through
3133,naor,LOL
3134,naor,What's your name?
3135,naor,What are you behind?
3136,naor,"Yes, I saw thanks"
3137,naor,In practice
3138,naor,No
3139,naor,securing
3140,naor,Download the image from my model
3141,naor,To the user
3142,naor,Go through my computer
3143,naor,Easier
3144,naor,naor
3145,naor,Oh lol
3146,naor,Come and some will close a bottle
3147,naor,"Lidor comes, you know"
3148,naor,Yes
3149,naor,His friends are here
3150,naor,"me too, bro"
3151,naor,He woke me up lol
3152,naor,Woke me up and dressed I went to Clara
3153,naor,LOL
3154,naor,tough
3155,naor,Sleep well for the weekend
3156,naor,We're all brothers
3157,naor,what
3158,naor,are you asking or saying
3159,naor,Submission is possible
3160,naor,Design
3161,naor,What will you finish?
3162,naor,This bro is for today at noon
3163,naor,perpetual
3164,naor,"Come on, boy"
3165,naor,Why?
3166,naor,Well done
3167,naor,So why on the face
3168,naor,So what do you want?
3169,naor,You were good
3170,naor,Ohad also called
3171,naor,intelligence
3172,naor,Thursday
3173,naor,"Yes, Walla Mabruk"
3174,naor,Well done
3175,naor,Ask for the cuff and
3176,naor,or
3177,naor,One of them
3178,naor,what
3179,naor,I can not remember my brother
3180,naor,Check the answers
3181,naor,what
3182,naor,Ah
3183,naor,Do not know brother do not remember anymore
3184,naor,I submitted security
3185,naor,you are more
3186,naor,LOL
3187,naor,Wow
3188,naor,where is it
3189,naor,Yes excellent
3190,naor,"No, I do not come to practice"
3191,naor,Makes activation
3192,naor,Because I'm going home early today
3193,naor,What
3194,naor,Probably
3195,naor,There is a situation
3196,naor,I need you to come before me
3197,naor,I need the keys
3198,naor,LOL
3199,naor,When are you coming home
3200,naor,Shopping
3201,naor,Next week we do not have time and I do not have a car maybe
3202,naor,what is he saying
3203,naor,Well let me know
3204,naor,Ok
3205,naor,A son of a bitch
3206,naor,have a nice time
3207,naor,image omitted
3208,naor,really
3209,naor,I love you
3210,naor,Dumbbell
3211,naor,
3212,naor,Yeah lol
3213,naor,image omitted
3214,naor,What 's up?
3215,naor,really
3216,naor,"Come on, come on a girl already"
3217,naor,when are you coming
3218,naor,Omer Pita
3219,naor,Naor Bagat
3220,naor,Bring Cipes aside
3221,naor,You're done
3222,naor,Scary
3223,naor,Well done
3224,naor,Leave me alone
3225,naor,Thanks
3226,naor,radiant
3227,naor,Moshe came to bring us the summary
3228,naor,Open it
3229,naor,When he arrives
3230,naor,outside
3231,naor,Open it
3232,naor,https
3233,naor,what
3234,naor,oh I get it
3235,naor,Lost at the end
3236,naor,poor
3237,naor,Returned from
3238,naor,Yeah lol
3239,naor,image omitted
3240,naor,Not you
3241,naor,It's clear
3242,naor,But still similar
3243,naor,This is your uncle the alien from another planet
3244,naor,I love you
3245,naor,Back to
3246,naor,Koren wants to know how much you got in kisses
3247,naor,Say number is examined
3248,naor,Check the pages
3249,naor,Test
3250,naor,Final in a minimum
3251,naor,How much is the bonus of the experiment
3252,naor,point
3253,naor,So lol
3254,naor,Percent of jobs
3255,naor,Minute
3256,naor,There is no factor
3257,naor,He did not answer me
3258,naor,I'll touch
3259,naor,When he answers I'll send you
3260,naor,You did not
3261,naor,
3262,naor,
3263,naor,Come on
3264,naor,You recorded right then
3265,naor,Or you mean ah
3266,naor,second
3267,naor,I sent Bey
3268,naor,By email
3269,naor,Why did you get it?
3270,naor,Some
3271,naor,"Well, that's not final"
3272,naor,What did you write there?
3273,naor,Move close to mine
3274,naor,Appeal
3275,naor,"Come on, beauty"
3276,naor,Appeal will cost you
3277,naor,Laughter son of a bitch
3278,naor,image omitted
3279,naor,You will have a discount on this
3280,naor,How much do you want to tell me
3281,naor,There is a happening
3282,naor,Qua
3283,naor,champagne
3284,naor,Take my friend's number
3285,naor,He'll take care of everything
3286,naor,He's stronger than me
3287,naor,He's a publicist
3288,naor,A good friend
3289,naor,Will arrange you a discount
3290,naor,Sofas
3291,naor,And wine
3292,naor,Contact card omitted
3293,naor,"I'll probably be Clara, too"
3294,naor,Enjoy a fireplace
3295,naor,Meets
3296,naor,Entered
3297,naor,where are you sitting
3298,naor,To the right
3299,naor,I'm here
3300,naor,You sit on couches
3301,naor,This is the Daspito Place
3302,naor,Hahaha
3303,naor,Good luck today
3304,naor,What a child has someone new and you did not tell
3305,naor,Because of her release
3306,naor,Litzman
3307,naor,This is mine
3308,naor,Today it's strong
3309,naor,Do not know yet
3310,naor,Maybe they're sitting there
3311,naor,What has to do with Bash
3312,naor,Hahaha
3313,naor,Accidentally
3314,naor,Ok bro
3315,naor,With Almog
3316,naor,We go to Litzman
3317,naor,image omitted
3318,naor,Where you
3319,naor,Not a brother
3320,naor,I do not have a ram
3321,naor,This is Litzman
3322,naor,I do not even know how we get in
3323,naor,They say I'm in Litzman's eyes
3324,naor,Alma is good
3325,naor,And you can enter
3326,naor,Thanks my brother and I love you
3327,naor,Thank you dear brother and love you
3328,naor,This overlaps with an app
3329,naor,Good
3330,naor,closed
3331,naor,closed
3332,naor,Remember
3333,naor,"Yes, brother"
3334,naor,Call me here
3335,naor,flowing
3336,naor,I need you to pick me up
3337,naor,I do not have a car
3338,naor,Ok
3339,naor,second
3340,naor,Tell them to stay tomorrow
3341,naor,No
3342,naor,I wanted to make sure you did not
3343,naor,closed
3344,naor,Yes
3345,naor,Let Itzik save us
3346,naor,Great
3347,naor,Started
3348,naor,nowhere
3349,naor,are you
3350,naor,They did not go seriously
3351,naor,meeting
3352,naor,Yesterday we had enough
3353,naor,Lol
3354,naor,Fun Murder
3355,naor,Have fun today
3356,naor,You're going to be here
3357,naor,Because there is an experiment
3358,naor,You should have been here
3359,naor,So obviously you are a child
3360,naor,Shut up at the end of her mouth
3361,naor,Yes
3362,naor,We are in channels
3363,naor,do not know what it is
3364,naor,Do not touch it
3365,naor,You have entered details
3366,naor,Buckleps
3367,naor,Well that's it
3368,naor,Because
3369,naor,Yes
3370,naor,Koren will ask Shlomi's email
3371,naor,"I do not know, brother"
3372,naor,Where you
3373,naor,I have no idea what I'm doing
3374,naor,I am ill with Lilac
3375,naor,But there's a party
3376,naor,Very
3377,naor,Blessiano was going there
3378,naor,If you want free
3379,naor,MAD
3380,naor,Great
3381,naor,That was my line
3382,naor,Do not know
3383,naor,Where is it you know
3384,naor,Maybe I know the club itself
3385,naor,Maybe Bee
3386,naor,At the station compound
3387,naor,"Today, they did not move"
3388,naor,Tomorrow is a forceful application
3389,naor,In the second I'm not here to ally with Amsalem Bar
3390,naor,"Yes, too"
3391,naor,Shorten
3392,naor,Where are you going to tell me?
3393,naor,Beauty
3394,naor,proud of you
3395,naor,We bought a better computer
3396,naor,Ram is bigger
3397,naor,No
3398,naor,video omitted
3399,naor,no why
3400,naor,I do not think Elle can have a birthday party for her friend
3401,naor,Lol Cool
3402,naor,You want Agadir in an hour
3403,naor,I'm at the gym now
3404,naor,I'm done now lol
3405,naor,I'll be back there again lol
3406,naor,Then another day
3407,naor,Third or third
3408,naor,Let 's come upstairs
3409,naor,To the end
3410,naor,Get out and come from the outside
3411,naor,A floor canal will enter from above
3412,naor,Hahaha
3413,naor,We want to sit here somewhere
3414,naor,You have nothing
3415,naor,We are also in the same situation lol
3416,naor,Lilac with her girlfriends I see here with friends
3417,naor,You are welcome brother
3418,naor,I know
3419,naor,I'll be out in a few minutes
3420,naor,Yes
3421,naor,Dear friend Mazal Tovov Until I can not believe I've known you for years and are finishing the degree together
3422,naor,When is Hansis today?
3423,naor,Great
3424,naor,Are you there
3425,naor,A few minutes comes
3426,naor,Do not let my brother leave you
3427,naor,Great
